claim_id,owner,status,audit_commit,conversion_commit,classes,tests,divergences,notes
ACTOR_PLAYER,unassigned,unclaimed,,,,,,Representative source inspected; full audit outstanding. See CONVERSION_LEDGER.md.
ACTOR_EN_TEST,unassigned,unclaimed,,,,,,Representative source inspected; full audit outstanding. See CONVERSION_LEDGER.md.
ACTOR_EN_GIRLA,unassigned,unclaimed,,,,,,
ACTOR_EN_PART,unassigned,unclaimed,,,,,,
ACTOR_EN_LIGHT,unassigned,unclaimed,,,,,,
ACTOR_EN_DOOR,unassigned,unclaimed,,,,,,Representative source inspected; full audit outstanding. See CONVERSION_LEDGER.md.
ACTOR_EN_BOX,unassigned,unclaimed,,,,,,
ACTOR_BG_DY_YOSEIZO,unassigned,unclaimed,,,,,,
ACTOR_BG_HIDAN_FIREWALL,unassigned,unclaimed,,,,,,
ACTOR_EN_POH,unassigned,unclaimed,,,,,,
ACTOR_EN_OKUTA,unassigned,unclaimed,,,,,,
ACTOR_BG_YDAN_SP,unassigned,unclaimed,,,,,,
ACTOR_EN_BOM,unassigned,unclaimed,,,,,,Representative source inspected; full audit outstanding. See CONVERSION_LEDGER.md.
ACTOR_EN_WALLMAS,unassigned,unclaimed,,,,,,
ACTOR_EN_DODONGO,unassigned,unclaimed,,,,,,
ACTOR_EN_FIREFLY,unassigned,unclaimed,,,,,,
ACTOR_EN_HORSE,unassigned,unclaimed,,,,,,Representative source inspected; full audit outstanding. See CONVERSION_LEDGER.md.
ACTOR_EN_ITEM00,unassigned,unclaimed,,,,,,
ACTOR_EN_ARROW,unassigned,unclaimed,,,,,,Representative source inspected; full audit outstanding. See CONVERSION_LEDGER.md.
ACTOR_EN_ELF,unassigned,unclaimed,,,,,,
ACTOR_EN_NIW,unassigned,unclaimed,,,,,,
ACTOR_EN_TITE,unassigned,unclaimed,,,,,,
ACTOR_EN_REEBA,unassigned,unclaimed,,,,,,
ACTOR_EN_PEEHAT,unassigned,unclaimed,,,,,,
ACTOR_EN_BUTTE,unassigned,unclaimed,,,,,,
ACTOR_EN_INSECT,unassigned,unclaimed,,,,,,
ACTOR_EN_FISH,unassigned,unclaimed,,,,,,
ACTOR_EN_HOLL,unassigned,unclaimed,,,,,,
ACTOR_EN_SCENE_CHANGE,unassigned,unclaimed,,,,,,
ACTOR_EN_ZF,unassigned,unclaimed,,,,,,
ACTOR_EN_HATA,unassigned,unclaimed,,,,,,
ACTOR_BOSS_DODONGO,unassigned,unclaimed,,,,,,
ACTOR_BOSS_GOMA,unassigned,unclaimed,,,,,,Representative source inspected; full audit outstanding. See CONVERSION_LEDGER.md.
ACTOR_EN_ZL1,unassigned,unclaimed,,,,,,
ACTOR_EN_VIEWER,unassigned,unclaimed,,,,,,
ACTOR_EN_GOMA,unassigned,unclaimed,,,,,,
ACTOR_BG_PUSHBOX,unassigned,unclaimed,,,,,,
ACTOR_EN_BUBBLE,unassigned,unclaimed,,,,,,
ACTOR_DOOR_SHUTTER,unassigned,unclaimed,,,,,,
ACTOR_EN_DODOJR,unassigned,unclaimed,,,,,,
ACTOR_EN_BDFIRE,unassigned,unclaimed,,,,,,
ACTOR_EN_BOOM,unassigned,unclaimed,,,,,,
ACTOR_EN_TORCH2,unassigned,unclaimed,,,,,,
ACTOR_EN_BILI,unassigned,unclaimed,,,,,,
ACTOR_EN_TP,unassigned,unclaimed,,,,,,
ACTOR_EN_ST,unassigned,unclaimed,,,,,,
ACTOR_EN_BW,unassigned,unclaimed,,,,,,
ACTOR_EN_A_OBJ,unassigned,unclaimed,,,,,,
ACTOR_EN_EIYER,unassigned,unclaimed,,,,,,
ACTOR_EN_RIVER_SOUND,unassigned,unclaimed,,,,,,
ACTOR_EN_HORSE_NORMAL,unassigned,unclaimed,,,,,,
ACTOR_EN_OSSAN,unassigned,unclaimed,,,,,,
ACTOR_BG_TREEMOUTH,unassigned,unclaimed,,,,,,
ACTOR_BG_DODOAGO,unassigned,unclaimed,,,,,,
ACTOR_BG_HIDAN_DALM,unassigned,unclaimed,,,,,,
ACTOR_BG_HIDAN_HROCK,unassigned,unclaimed,,,,,,
ACTOR_EN_HORSE_GANON,unassigned,unclaimed,,,,,,
ACTOR_BG_HIDAN_ROCK,unassigned,unclaimed,,,,,,
ACTOR_BG_HIDAN_RSEKIZOU,unassigned,unclaimed,,,,,,
ACTOR_BG_HIDAN_SEKIZOU,unassigned,unclaimed,,,,,,
ACTOR_BG_HIDAN_SIMA,unassigned,unclaimed,,,,,,
ACTOR_BG_HIDAN_SYOKU,unassigned,unclaimed,,,,,,
ACTOR_EN_XC,unassigned,unclaimed,,,,,,
ACTOR_BG_HIDAN_CURTAIN,unassigned,unclaimed,,,,,,
ACTOR_BG_SPOT00_HANEBASI,unassigned,unclaimed,,,,,,
ACTOR_EN_MB,unassigned,unclaimed,,,,,,
ACTOR_EN_BOMBF,unassigned,unclaimed,,,,,,
ACTOR_EN_ZL2,unassigned,unclaimed,,,,,,
ACTOR_BG_HIDAN_FSLIFT,unassigned,unclaimed,,,,,,Representative source inspected; full audit outstanding. See CONVERSION_LEDGER.md.
ACTOR_EN_OE2,unassigned,unclaimed,,,,,,
ACTOR_BG_YDAN_HASI,unassigned,unclaimed,,,,,,
ACTOR_BG_YDAN_MARUTA,unassigned,unclaimed,,,,,,
ACTOR_BOSS_GANONDROF,unassigned,unclaimed,,,,,,
ACTOR_EN_AM,unassigned,unclaimed,,,,,,
ACTOR_EN_DEKUBABA,unassigned,unclaimed,,,,,,
ACTOR_EN_M_FIRE1,unassigned,unclaimed,,,,,,
ACTOR_EN_M_THUNDER,unassigned,unclaimed,,,,,,
ACTOR_BG_DDAN_JD,unassigned,unclaimed,,,,,,
ACTOR_BG_BREAKWALL,unassigned,unclaimed,,,,,,
ACTOR_EN_JJ,unassigned,unclaimed,,,,,,
ACTOR_EN_HORSE_ZELDA,unassigned,unclaimed,,,,,,
ACTOR_BG_DDAN_KD,unassigned,unclaimed,,,,,,
ACTOR_DOOR_WARP1,unassigned,unclaimed,,,,,,
ACTOR_OBJ_SYOKUDAI,unassigned,unclaimed,,,,,,
ACTOR_ITEM_B_HEART,unassigned,unclaimed,,,,,,
ACTOR_EN_DEKUNUTS,unassigned,unclaimed,,,,,,
ACTOR_BG_MENKURI_KAITEN,unassigned,unclaimed,,,,,,
ACTOR_BG_MENKURI_EYE,unassigned,unclaimed,,,,,,
ACTOR_EN_VALI,unassigned,unclaimed,,,,,,
ACTOR_BG_MIZU_MOVEBG,unassigned,unclaimed,,,,,,
ACTOR_BG_MIZU_WATER,unassigned,unclaimed,,,,,,
ACTOR_ARMS_HOOK,unassigned,unclaimed,,,,,,Representative source inspected; full audit outstanding. See CONVERSION_LEDGER.md.
ACTOR_EN_FHG,unassigned,unclaimed,,,,,,
ACTOR_BG_MORI_HINERI,unassigned,unclaimed,,,,,,
ACTOR_EN_BB,unassigned,unclaimed,,,,,,
ACTOR_BG_TOKI_HIKARI,unassigned,unclaimed,,,,,,
ACTOR_EN_YUKABYUN,unassigned,unclaimed,,,,,,
ACTOR_BG_TOKI_SWD,unassigned,unclaimed,,,,,,
ACTOR_EN_FHG_FIRE,unassigned,unclaimed,,,,,,
ACTOR_BG_MJIN,unassigned,unclaimed,,,,,,
ACTOR_BG_HIDAN_KOUSI,unassigned,unclaimed,,,,,,
ACTOR_DOOR_TOKI,unassigned,unclaimed,,,,,,
ACTOR_BG_HIDAN_HAMSTEP,unassigned,unclaimed,,,,,,
ACTOR_EN_BIRD,unassigned,unclaimed,,,,,,
ACTOR_EN_WOOD02,unassigned,unclaimed,,,,,,
ACTOR_EN_LIGHTBOX,unassigned,unclaimed,,,,,,
ACTOR_EN_PU_BOX,unassigned,unclaimed,,,,,,
ACTOR_EN_TRAP,unassigned,unclaimed,,,,,,
ACTOR_EN_AROW_TRAP,unassigned,unclaimed,,,,,,
ACTOR_EN_VASE,unassigned,unclaimed,,,,,,
ACTOR_EN_TA,unassigned,unclaimed,,,,,,Representative source inspected; full audit outstanding. See CONVERSION_LEDGER.md.
ACTOR_EN_TK,unassigned,unclaimed,,,,,,
ACTOR_BG_MORI_BIGST,unassigned,unclaimed,,,,,,
ACTOR_BG_MORI_ELEVATOR,unassigned,unclaimed,,,,,,
ACTOR_BG_MORI_KAITENKABE,unassigned,unclaimed,,,,,,
ACTOR_BG_MORI_RAKKATENJO,unassigned,unclaimed,,,,,,
ACTOR_EN_VM,unassigned,unclaimed,,,,,,
ACTOR_DEMO_EFFECT,unassigned,unclaimed,,,,,,
ACTOR_DEMO_KANKYO,unassigned,unclaimed,,,,,,
ACTOR_BG_HIDAN_FWBIG,unassigned,unclaimed,,,,,,
ACTOR_EN_FLOORMAS,unassigned,unclaimed,,,,,,
ACTOR_EN_HEISHI1,unassigned,unclaimed,,,,,,
ACTOR_EN_RD,unassigned,unclaimed,,,,,,
ACTOR_EN_PO_SISTERS,unassigned,unclaimed,,,,,,
ACTOR_BG_HEAVY_BLOCK,unassigned,unclaimed,,,,,,
ACTOR_BG_PO_EVENT,unassigned,unclaimed,,,,,,
ACTOR_OBJ_MURE,unassigned,unclaimed,,,,,,
ACTOR_EN_SW,unassigned,unclaimed,,,,,,
ACTOR_BOSS_FD,unassigned,unclaimed,,,,,,
ACTOR_OBJECT_KANKYO,unassigned,unclaimed,,,,,,
ACTOR_EN_DU,unassigned,unclaimed,,,,,,
ACTOR_EN_FD,unassigned,unclaimed,,,,,,
ACTOR_EN_HORSE_LINK_CHILD,unassigned,unclaimed,,,,,,
ACTOR_DOOR_ANA,unassigned,unclaimed,,,,,,
ACTOR_BG_SPOT02_OBJECTS,unassigned,unclaimed,,,,,,
ACTOR_BG_HAKA,unassigned,unclaimed,,,,,,
ACTOR_MAGIC_WIND,unassigned,unclaimed,,,,,,
ACTOR_MAGIC_FIRE,unassigned,unclaimed,,,,,,
ACTOR_EN_RU1,unassigned,unclaimed,,,,,,
ACTOR_BOSS_FD2,unassigned,unclaimed,,,,,,
ACTOR_EN_FD_FIRE,unassigned,unclaimed,,,,,,
ACTOR_EN_DH,unassigned,unclaimed,,,,,,
ACTOR_EN_DHA,unassigned,unclaimed,,,,,,
ACTOR_EN_RL,unassigned,unclaimed,,,,,,
ACTOR_EN_ENCOUNT1,unassigned,unclaimed,,,,,,
ACTOR_DEMO_DU,unassigned,unclaimed,,,,,,
ACTOR_DEMO_IM,unassigned,unclaimed,,,,,,
ACTOR_DEMO_TRE_LGT,unassigned,unclaimed,,,,,,
ACTOR_EN_FW,unassigned,unclaimed,,,,,,
ACTOR_BG_VB_SIMA,unassigned,unclaimed,,,,,,
ACTOR_EN_VB_BALL,unassigned,unclaimed,,,,,,
ACTOR_BG_HAKA_MEGANE,unassigned,unclaimed,,,,,,
ACTOR_BG_HAKA_MEGANEBG,unassigned,unclaimed,,,,,,
ACTOR_BG_HAKA_SHIP,unassigned,unclaimed,,,,,,
ACTOR_BG_HAKA_SGAMI,unassigned,unclaimed,,,,,,
ACTOR_EN_HEISHI2,unassigned,unclaimed,,,,,,
ACTOR_EN_ENCOUNT2,unassigned,unclaimed,,,,,,
ACTOR_EN_FIRE_ROCK,unassigned,unclaimed,,,,,,
ACTOR_EN_BROB,unassigned,unclaimed,,,,,,
ACTOR_MIR_RAY,unassigned,unclaimed,,,,,,
ACTOR_BG_SPOT09_OBJ,unassigned,unclaimed,,,,,,
ACTOR_BG_SPOT18_OBJ,unassigned,unclaimed,,,,,,
ACTOR_BOSS_VA,unassigned,unclaimed,,,,,,
ACTOR_BG_HAKA_TUBO,unassigned,unclaimed,,,,,,
ACTOR_BG_HAKA_TRAP,unassigned,unclaimed,,,,,,
ACTOR_BG_HAKA_HUTA,unassigned,unclaimed,,,,,,
ACTOR_BG_HAKA_ZOU,unassigned,unclaimed,,,,,,
ACTOR_BG_SPOT17_FUNEN,unassigned,unclaimed,,,,,,
ACTOR_EN_SYATEKI_ITM,unassigned,unclaimed,,,,,,Representative source inspected; full audit outstanding. See CONVERSION_LEDGER.md.
ACTOR_EN_SYATEKI_MAN,unassigned,unclaimed,,,,,,
ACTOR_EN_TANA,unassigned,unclaimed,,,,,,
ACTOR_EN_NB,unassigned,unclaimed,,,,,,
ACTOR_BOSS_MO,unassigned,unclaimed,,,,,,
ACTOR_EN_SB,unassigned,unclaimed,,,,,,
ACTOR_EN_BIGOKUTA,unassigned,unclaimed,,,,,,
ACTOR_EN_KAREBABA,unassigned,unclaimed,,,,,,
ACTOR_BG_BDAN_OBJECTS,unassigned,unclaimed,,,,,,
ACTOR_DEMO_SA,unassigned,unclaimed,,,,,,
ACTOR_DEMO_GO,unassigned,unclaimed,,,,,,
ACTOR_EN_IN,unassigned,unclaimed,,,,,,
ACTOR_EN_TR,unassigned,unclaimed,,,,,,
ACTOR_BG_SPOT16_BOMBSTONE,unassigned,unclaimed,,,,,,
ACTOR_BG_HIDAN_KOWARERUKABE,unassigned,unclaimed,,,,,,
ACTOR_BG_BOMBWALL,unassigned,unclaimed,,,,,,
ACTOR_BG_SPOT08_ICEBLOCK,unassigned,unclaimed,,,,,,
ACTOR_EN_RU2,unassigned,unclaimed,,,,,,
ACTOR_OBJ_DEKUJR,unassigned,unclaimed,,,,,,
ACTOR_BG_MIZU_UZU,unassigned,unclaimed,,,,,,
ACTOR_BG_SPOT06_OBJECTS,unassigned,unclaimed,,,,,,
ACTOR_BG_ICE_OBJECTS,unassigned,unclaimed,,,,,,
ACTOR_BG_HAKA_WATER,unassigned,unclaimed,,,,,,
ACTOR_EN_MA2,unassigned,unclaimed,,,,,,
ACTOR_EN_BOM_CHU,unassigned,unclaimed,,,,,,
ACTOR_EN_HORSE_GAME_CHECK,unassigned,unclaimed,,,,,,
ACTOR_BOSS_TW,unassigned,unclaimed,,,,,,
ACTOR_EN_RR,unassigned,unclaimed,,,,,,
ACTOR_EN_BA,unassigned,unclaimed,,,,,,
ACTOR_EN_BX,unassigned,unclaimed,,,,,,
ACTOR_EN_ANUBICE,unassigned,unclaimed,,,,,,
ACTOR_EN_ANUBICE_FIRE,unassigned,unclaimed,,,,,,
ACTOR_BG_MORI_HASHIGO,unassigned,unclaimed,,,,,,
ACTOR_BG_MORI_HASHIRA4,unassigned,unclaimed,,,,,,
ACTOR_BG_MORI_IDOMIZU,unassigned,unclaimed,,,,,,
ACTOR_BG_SPOT16_DOUGHNUT,unassigned,unclaimed,,,,,,
ACTOR_BG_BDAN_SWITCH,unassigned,unclaimed,,,,,,
ACTOR_EN_MA1,unassigned,unclaimed,,,,,,
ACTOR_BOSS_GANON,unassigned,unclaimed,,,,,,
ACTOR_BOSS_SST,unassigned,unclaimed,,,,,,
ACTOR_EN_NY,unassigned,unclaimed,,,,,,
ACTOR_EN_FR,unassigned,unclaimed,,,,,,
ACTOR_ITEM_SHIELD,unassigned,unclaimed,,,,,,
ACTOR_BG_ICE_SHELTER,unassigned,unclaimed,,,,,,
ACTOR_EN_ICE_HONO,unassigned,unclaimed,,,,,,
ACTOR_ITEM_OCARINA,unassigned,unclaimed,,,,,,
ACTOR_MAGIC_DARK,unassigned,unclaimed,,,,,,
ACTOR_DEMO_6K,unassigned,unclaimed,,,,,,
ACTOR_EN_ANUBICE_TAG,unassigned,unclaimed,,,,,,
ACTOR_BG_HAKA_GATE,unassigned,unclaimed,,,,,,
ACTOR_BG_SPOT15_SAKU,unassigned,unclaimed,,,,,,
ACTOR_BG_JYA_GOROIWA,unassigned,unclaimed,,,,,,
ACTOR_BG_JYA_ZURERUKABE,unassigned,unclaimed,,,,,,
ACTOR_BG_JYA_COBRA,unassigned,unclaimed,,,,,,
ACTOR_BG_JYA_KANAAMI,unassigned,unclaimed,,,,,,
ACTOR_FISHING,unassigned,unclaimed,,,,,,Representative source inspected; full audit outstanding. See CONVERSION_LEDGER.md.
ACTOR_OBJ_OSHIHIKI,unassigned,unclaimed,,,,,,
ACTOR_BG_GATE_SHUTTER,unassigned,unclaimed,,,,,,
ACTOR_EFF_DUST,unassigned,unclaimed,,,,,,
ACTOR_BG_SPOT01_FUSYA,unassigned,unclaimed,,,,,,
ACTOR_BG_SPOT01_IDOHASHIRA,unassigned,unclaimed,,,,,,
ACTOR_BG_SPOT01_IDOMIZU,unassigned,unclaimed,,,,,,
ACTOR_BG_PO_SYOKUDAI,unassigned,unclaimed,,,,,,
ACTOR_BG_GANON_OTYUKA,unassigned,unclaimed,,,,,,
ACTOR_BG_SPOT15_RRBOX,unassigned,unclaimed,,,,,,
ACTOR_BG_UMAJUMP,unassigned,unclaimed,,,,,,
ACTOR_ARROW_FIRE,unassigned,unclaimed,,,,,,
ACTOR_ARROW_ICE,unassigned,unclaimed,,,,,,
ACTOR_ARROW_LIGHT,unassigned,unclaimed,,,,,,
ACTOR_ITEM_ETCETERA,unassigned,unclaimed,,,,,,
ACTOR_OBJ_KIBAKO,unassigned,unclaimed,,,,,,
ACTOR_OBJ_TSUBO,unassigned,unclaimed,,,,,,
ACTOR_EN_WONDER_ITEM,unassigned,unclaimed,,,,,,
ACTOR_EN_IK,unassigned,unclaimed,,,,,,
ACTOR_DEMO_IK,unassigned,unclaimed,,,,,,
ACTOR_EN_SKJ,unassigned,unclaimed,,,,,,
ACTOR_EN_SKJNEEDLE,unassigned,unclaimed,,,,,,
ACTOR_EN_G_SWITCH,unassigned,unclaimed,,,,,,
ACTOR_DEMO_EXT,unassigned,unclaimed,,,,,,
ACTOR_DEMO_SHD,unassigned,unclaimed,,,,,,
ACTOR_EN_DNS,unassigned,unclaimed,,,,,,
ACTOR_ELF_MSG,unassigned,unclaimed,,,,,,
ACTOR_EN_HONOTRAP,unassigned,unclaimed,,,,,,
ACTOR_EN_TUBO_TRAP,unassigned,unclaimed,,,,,,
ACTOR_OBJ_ICE_POLY,unassigned,unclaimed,,,,,,
ACTOR_BG_SPOT03_TAKI,unassigned,unclaimed,,,,,,
ACTOR_BG_SPOT07_TAKI,unassigned,unclaimed,,,,,,
ACTOR_EN_FZ,unassigned,unclaimed,,,,,,
ACTOR_EN_PO_RELAY,unassigned,unclaimed,,,,,,
ACTOR_BG_RELAY_OBJECTS,unassigned,unclaimed,,,,,,
ACTOR_EN_DIVING_GAME,unassigned,unclaimed,,,,,,
ACTOR_EN_KUSA,unassigned,unclaimed,,,,,,
ACTOR_OBJ_BEAN,unassigned,unclaimed,,,,,,
ACTOR_OBJ_BOMBIWA,unassigned,unclaimed,,,,,,
ACTOR_OBJ_SWITCH,unassigned,unclaimed,,,,,,
ACTOR_OBJ_ELEVATOR,unassigned,unclaimed,,,,,,
ACTOR_OBJ_LIFT,unassigned,unclaimed,,,,,,
ACTOR_OBJ_HSBLOCK,unassigned,unclaimed,,,,,,
ACTOR_EN_OKARINA_TAG,unassigned,unclaimed,,,,,,
ACTOR_EN_YABUSAME_MARK,unassigned,unclaimed,,,,,,
ACTOR_EN_GOROIWA,unassigned,unclaimed,,,,,,
ACTOR_EN_EX_RUPPY,unassigned,unclaimed,,,,,,
ACTOR_EN_TORYO,unassigned,unclaimed,,,,,,
ACTOR_EN_DAIKU,unassigned,unclaimed,,,,,,
ACTOR_EN_NWC,unassigned,unclaimed,,,,,,
ACTOR_EN_BLKOBJ,unassigned,unclaimed,,,,,,
ACTOR_ITEM_INBOX,unassigned,unclaimed,,,,,,
ACTOR_EN_GE1,unassigned,unclaimed,,,,,,
ACTOR_OBJ_BLOCKSTOP,unassigned,unclaimed,,,,,,
ACTOR_EN_SDA,unassigned,unclaimed,,,,,,
ACTOR_EN_CLEAR_TAG,unassigned,unclaimed,,,,,,
ACTOR_EN_NIW_LADY,unassigned,unclaimed,,,,,,
ACTOR_EN_GM,unassigned,unclaimed,,,,,,
ACTOR_EN_MS,unassigned,unclaimed,,,,,,
ACTOR_EN_HS,unassigned,unclaimed,,,,,,
ACTOR_BG_INGATE,unassigned,unclaimed,,,,,,
ACTOR_EN_KANBAN,unassigned,unclaimed,,,,,,
ACTOR_EN_HEISHI3,unassigned,unclaimed,,,,,,
ACTOR_EN_SYATEKI_NIW,unassigned,unclaimed,,,,,,
ACTOR_EN_ATTACK_NIW,unassigned,unclaimed,,,,,,
ACTOR_BG_SPOT01_IDOSOKO,unassigned,unclaimed,,,,,,
ACTOR_EN_SA,unassigned,unclaimed,,,,,,
ACTOR_EN_WONDER_TALK,unassigned,unclaimed,,,,,,
ACTOR_BG_GJYO_BRIDGE,unassigned,unclaimed,,,,,,
ACTOR_EN_DS,unassigned,unclaimed,,,,,,
ACTOR_EN_MK,unassigned,unclaimed,,,,,,
ACTOR_EN_BOM_BOWL_MAN,unassigned,unclaimed,,,,,,
ACTOR_EN_BOM_BOWL_PIT,unassigned,unclaimed,,,,,,
ACTOR_EN_OWL,unassigned,unclaimed,,,,,,
ACTOR_EN_ISHI,unassigned,unclaimed,,,,,,
ACTOR_OBJ_HANA,unassigned,unclaimed,,,,,,
ACTOR_OBJ_LIGHTSWITCH,unassigned,unclaimed,,,,,,
ACTOR_OBJ_MURE2,unassigned,unclaimed,,,,,,
ACTOR_EN_GO,unassigned,unclaimed,,,,,,
ACTOR_EN_FU,unassigned,unclaimed,,,,,,
ACTOR_EN_CHANGER,unassigned,unclaimed,,,,,,
ACTOR_BG_JYA_MEGAMI,unassigned,unclaimed,,,,,,
ACTOR_BG_JYA_LIFT,unassigned,unclaimed,,,,,,
ACTOR_BG_JYA_BIGMIRROR,unassigned,unclaimed,,,,,,
ACTOR_BG_JYA_BOMBCHUIWA,unassigned,unclaimed,,,,,,
ACTOR_BG_JYA_AMISHUTTER,unassigned,unclaimed,,,,,,
ACTOR_BG_JYA_BOMBIWA,unassigned,unclaimed,,,,,,
ACTOR_BG_SPOT18_BASKET,unassigned,unclaimed,,,,,,
ACTOR_EN_GANON_ORGAN,unassigned,unclaimed,,,,,,
ACTOR_EN_SIOFUKI,unassigned,unclaimed,,,,,,
ACTOR_EN_STREAM,unassigned,unclaimed,,,,,,
ACTOR_EN_MM,unassigned,unclaimed,,,,,,
ACTOR_EN_KO,unassigned,unclaimed,,,,,,
ACTOR_EN_KZ,unassigned,unclaimed,,,,,,
ACTOR_EN_WEATHER_TAG,unassigned,unclaimed,,,,,,
ACTOR_BG_SST_FLOOR,unassigned,unclaimed,,,,,,
ACTOR_EN_ANI,unassigned,unclaimed,,,,,,
ACTOR_EN_EX_ITEM,unassigned,unclaimed,,,,,,
ACTOR_BG_JYA_IRONOBJ,unassigned,unclaimed,,,,,,
ACTOR_EN_JS,unassigned,unclaimed,,,,,,
ACTOR_EN_JSJUTAN,unassigned,unclaimed,,,,,,
ACTOR_EN_CS,unassigned,unclaimed,,,,,,
ACTOR_EN_MD,unassigned,unclaimed,,,,,,
ACTOR_EN_HY,unassigned,unclaimed,,,,,,
ACTOR_EN_GANON_MANT,unassigned,unclaimed,,,,,,
ACTOR_EN_OKARINA_EFFECT,unassigned,unclaimed,,,,,,
ACTOR_EN_MAG,unassigned,unclaimed,,,,,,
ACTOR_DOOR_GERUDO,unassigned,unclaimed,,,,,,
ACTOR_ELF_MSG2,unassigned,unclaimed,,,,,,
ACTOR_DEMO_GT,unassigned,unclaimed,,,,,,
ACTOR_EN_PO_FIELD,unassigned,unclaimed,,,,,,
ACTOR_EFC_ERUPC,unassigned,unclaimed,,,,,,
ACTOR_BG_ZG,unassigned,unclaimed,,,,,,
ACTOR_EN_HEISHI4,unassigned,unclaimed,,,,,,
ACTOR_EN_ZL3,unassigned,unclaimed,,,,,,
ACTOR_BOSS_GANON2,unassigned,unclaimed,,,,,,
ACTOR_EN_KAKASI,unassigned,unclaimed,,,,,,
ACTOR_EN_TAKARA_MAN,unassigned,unclaimed,,,,,,
ACTOR_OBJ_MAKEOSHIHIKI,unassigned,unclaimed,,,,,,
ACTOR_OCEFF_SPOT,unassigned,unclaimed,,,,,,
ACTOR_END_TITLE,unassigned,unclaimed,,,,,,
ACTOR_EN_TORCH,unassigned,unclaimed,,,,,,
ACTOR_DEMO_EC,unassigned,unclaimed,,,,,,
ACTOR_SHOT_SUN,unassigned,unclaimed,,,,,,
ACTOR_EN_DY_EXTRA,unassigned,unclaimed,,,,,,
ACTOR_EN_WONDER_TALK2,unassigned,unclaimed,,,,,,
ACTOR_EN_GE2,unassigned,unclaimed,,,,,,
ACTOR_OBJ_ROOMTIMER,unassigned,unclaimed,,,,,,
ACTOR_EN_SSH,unassigned,unclaimed,,,,,,
ACTOR_EN_STH,unassigned,unclaimed,,,,,,
ACTOR_OCEFF_WIPE,unassigned,unclaimed,,,,,,
ACTOR_OCEFF_STORM,unassigned,unclaimed,,,,,,
ACTOR_EN_WEIYER,unassigned,unclaimed,,,,,,
ACTOR_BG_SPOT05_SOKO,unassigned,unclaimed,,,,,,
ACTOR_BG_JYA_1FLIFT,unassigned,unclaimed,,,,,,
ACTOR_BG_JYA_HAHENIRON,unassigned,unclaimed,,,,,,
ACTOR_BG_SPOT12_GATE,unassigned,unclaimed,,,,,,
ACTOR_BG_SPOT12_SAKU,unassigned,unclaimed,,,,,,
ACTOR_EN_HINTNUTS,unassigned,unclaimed,,,,,,
ACTOR_EN_NUTSBALL,unassigned,unclaimed,,,,,,
ACTOR_BG_SPOT00_BREAK,unassigned,unclaimed,,,,,,
ACTOR_EN_SHOPNUTS,unassigned,unclaimed,,,,,,
ACTOR_EN_IT,unassigned,unclaimed,,,,,,
ACTOR_EN_GELDB,unassigned,unclaimed,,,,,,
ACTOR_OCEFF_WIPE2,unassigned,unclaimed,,,,,,
ACTOR_OCEFF_WIPE3,unassigned,unclaimed,,,,,,
ACTOR_EN_NIW_GIRL,unassigned,unclaimed,,,,,,
ACTOR_EN_DOG,unassigned,unclaimed,,,,,,
ACTOR_EN_SI,unassigned,unclaimed,,,,,,
ACTOR_BG_SPOT01_OBJECTS2,unassigned,unclaimed,,,,,,
ACTOR_OBJ_COMB,unassigned,unclaimed,,,,,,
ACTOR_BG_SPOT11_BAKUDANKABE,unassigned,unclaimed,,,,,,
ACTOR_OBJ_KIBAKO2,unassigned,unclaimed,,,,,,
ACTOR_EN_DNT_DEMO,unassigned,unclaimed,,,,,,
ACTOR_EN_DNT_JIJI,unassigned,unclaimed,,,,,,
ACTOR_EN_DNT_NOMAL,unassigned,unclaimed,,,,,,
ACTOR_EN_GUEST,unassigned,unclaimed,,,,,,
ACTOR_BG_BOM_GUARD,unassigned,unclaimed,,,,,,
ACTOR_EN_HS2,unassigned,unclaimed,,,,,,
ACTOR_DEMO_KEKKAI,unassigned,unclaimed,,,,,,
ACTOR_BG_SPOT08_BAKUDANKABE,unassigned,unclaimed,,,,,,
ACTOR_BG_SPOT17_BAKUDANKABE,unassigned,unclaimed,,,,,,
ACTOR_OBJ_MURE3,unassigned,unclaimed,,,,,,
ACTOR_EN_TG,unassigned,unclaimed,,,,,,
ACTOR_EN_MU,unassigned,unclaimed,,,,,,
ACTOR_EN_GO2,unassigned,unclaimed,,,,,,
ACTOR_EN_WF,unassigned,unclaimed,,,,,,
ACTOR_EN_SKB,unassigned,unclaimed,,,,,,
ACTOR_DEMO_GJ,unassigned,unclaimed,,,,,,
ACTOR_DEMO_GEFF,unassigned,unclaimed,,,,,,
ACTOR_BG_GND_FIREMEIRO,unassigned,unclaimed,,,,,,
ACTOR_BG_GND_DARKMEIRO,unassigned,unclaimed,,,,,,
ACTOR_BG_GND_SOULMEIRO,unassigned,unclaimed,,,,,,
ACTOR_BG_GND_NISEKABE,unassigned,unclaimed,,,,,,
ACTOR_BG_GND_ICEBLOCK,unassigned,unclaimed,,,,,,
ACTOR_EN_GB,unassigned,unclaimed,,,,,,
ACTOR_EN_GS,unassigned,unclaimed,,,,,,
ACTOR_BG_MIZU_BWALL,unassigned,unclaimed,,,,,,
ACTOR_BG_MIZU_SHUTTER,unassigned,unclaimed,,,,,,
ACTOR_EN_DAIKU_KAKARIKO,unassigned,unclaimed,,,,,,
ACTOR_BG_BOWL_WALL,unassigned,unclaimed,,,,,,
ACTOR_EN_WALL_TUBO,unassigned,unclaimed,,,,,,
ACTOR_EN_PO_DESERT,unassigned,unclaimed,,,,,,
ACTOR_EN_CROW,unassigned,unclaimed,,,,,,
ACTOR_DOOR_KILLER,unassigned,unclaimed,,,,,,
ACTOR_BG_SPOT11_OASIS,unassigned,unclaimed,,,,,,
ACTOR_BG_SPOT18_FUTA,unassigned,unclaimed,,,,,,
ACTOR_BG_SPOT18_SHUTTER,unassigned,unclaimed,,,,,,
ACTOR_EN_MA3,unassigned,unclaimed,,,,,,
ACTOR_EN_COW,unassigned,unclaimed,,,,,,
ACTOR_BG_ICE_TURARA,unassigned,unclaimed,,,,,,
ACTOR_BG_ICE_SHUTTER,unassigned,unclaimed,,,,,,
ACTOR_EN_KAKASI2,unassigned,unclaimed,,,,,,
ACTOR_EN_KAKASI3,unassigned,unclaimed,,,,,,
ACTOR_OCEFF_WIPE4,unassigned,unclaimed,,,,,,
ACTOR_EN_EG,unassigned,unclaimed,,,,,,
ACTOR_BG_MENKURI_NISEKABE,unassigned,unclaimed,,,,,,
ACTOR_EN_ZO,unassigned,unclaimed,,,,,,
ACTOR_OBJ_MAKEKINSUTA,unassigned,unclaimed,,,,,,
ACTOR_EN_GE3,unassigned,unclaimed,,,,,,
ACTOR_OBJ_TIMEBLOCK,unassigned,unclaimed,,,,,,
ACTOR_OBJ_HAMISHI,unassigned,unclaimed,,,,,,
ACTOR_EN_ZL4,unassigned,unclaimed,,,,,,
ACTOR_EN_MM2,unassigned,unclaimed,,,,,,
ACTOR_BG_JYA_BLOCK,unassigned,unclaimed,,,,,,
ACTOR_OBJ_WARP2BLOCK,unassigned,unclaimed,,,,,,
ACTOR_EN_PARTNER,unassigned,unclaimed,,,,,,Dynamic ActorDB registration in soh/soh/Enhancements/ExtraModes/IvanCoop.cpp; source soh/src/overlays/actors/ovl_En_Partner/z_en_partner.c; not in legacy actor table.
